{"MAE": 12337.770524590167, "MSE": 26278525277.398132, "RMSE": 162106.52447510598, "R2": 0.8201606426149477}