{"MAE": 17633.522262295075, "MSE": 59344323270.31156, "RMSE": 243606.90316637492, "R2": 0.5938719981915086}