{"MAE": 41855.98219895288, "MSE": 4460828507.8626585, "RMSE": 66789.43410347671, "R2": 0.8477829275943878}